t_s,codec,used_mib,total_mib,util_gpu,util_mem,power_w,temp_c,clock_sm_mhz,clock_mem_mhz,torch_alloc_mib,torch_reserved_mib,torch_max_alloc_mib,message_id
0.0000,bf16,1406,12288,39,20,46.02,56,525,810,0,0,0,
0.0448,bf16,1406,12288,39,20,46.02,56,525,810,0,0,0,
0.2215,bf16,1406,12288,39,20,46.02,56,525,810,0,0,0,
0.3924,bf16,1406,12288,39,20,46.02,56,525,810,0,0,0,
0.5628,bf16,1406,12288,37,19,45.98,56,525,810,0,0,0,
0.8721,bf16,1401,12288,37,19,45.98,56,525,810,0,0,0,
1.0417,bf16,1401,12288,37,19,45.99,56,525,810,0,0,0,
1.2113,bf16,1400,12288,37,19,45.99,56,525,810,0,0,0,
1.3823,bf16,1400,12288,37,19,45.99,56,525,810,0,0,0,
1.5669,bf16,1400,12288,39,19,45.98,56,525,810,0,0,0,
1.7353,bf16,1400,12288,39,19,45.98,56,525,810,0,0,0,
1.9079,bf16,1400,12288,39,19,45.98,56,525,810,0,0,0,
2.0781,bf16,1400,12288,39,19,46.06,56,525,810,0,0,0,
2.2482,bf16,1400,12288,39,19,46.06,56,525,810,0,0,0,
2.4197,bf16,1400,12288,39,19,46.06,56,525,810,0,0,0,
2.5879,bf16,1400,12288,35,19,45.89,56,525,810,0,0,0,
2.8134,bf16,1400,12288,35,19,45.89,56,525,810,0,0,0,
3.0030,bf16,1421,12288,35,19,45.88,56,570,810,0,0,0,
3.4004,bf16,7509,12288,35,19,45.88,56,570,810,723.508,5888,5886,
3.8087,bf16,7515,12288,26,2,84.73,59,1995,9251,1016.53,5892,5886,
4.0961,bf16,7519,12288,26,2,129.9,60,1995,9251,1310.56,5896,5886,
4.4009,bf16,7523,12288,26,2,129.9,60,1995,9251,1613.59,5900,5886,
4.6880,bf16,7529,12288,13,2,145.26,60,1995,9251,2046.62,5906,5886,
5.0978,bf16,7533,12288,13,2,145.27,61,1710,9251,2348.65,5910,5886,
5.3544,bf16,7539,12288,13,2,145.27,61,1710,9251,2780.68,5916,5886,
5.6492,bf16,7543,12288,18,2,133.77,60,1710,9251,3091.72,5920,5886,
5.9232,bf16,7547,12288,18,2,122.24,60,1710,9251,3429.74,5926,5886,
6.2299,bf16,7553,12288,18,2,122.24,60,1710,9251,3810.77,5930,5886,
6.6069,bf16,7557,12288,18,2,119.74,60,1710,9251,4121.8,5936,5886,
6.8731,bf16,7563,12288,18,2,119.74,60,1710,9251,4544.84,5940,5886,
7.2546,bf16,7567,12288,18,2,119.72,60,1710,9251,4838.86,5944,5886,
7.5453,bf16,7571,12288,17,2,119.86,60,1710,9251,5132.89,5948,5886,
7.7956,bf16,7575,12288,17,2,119.86,60,1710,9251,5426.91,5952,5886,
8.0697,bf16,7581,12288,17,2,119.93,60,1710,9251,5867.95,5958,5886,
8.3636,bf16,7619,12288,17,2,119.93,60,1710,9251,5885.96,5960,5886,
8.5324,bf16,7629,12288,13,2,119.89,60,1710,9251,5895.47,5960,5895.47,
8.7032,bf16,7639,12288,13,2,119.89,60,1710,9251,5896.4,5964,5897.63,
8.8741,bf16,7639,12288,13,2,119.89,60,1710,9251,5896.51,5964,5897.63,
9.0579,bf16,7641,12288,13,2,131.98,61,1860,9251,5898.34,5968,5901.46,
9.2411,bf16,7645,12288,13,2,131.98,61,1860,9251,5898.32,5970,5903.46,1
9.4105,bf16,7645,12288,13,2,131.98,61,1860,9251,5898.44,5970,5903.46,1
9.5797,bf16,7645,12288,56,25,167.92,63,1980,9251,5898.59,5970,5903.46,1
9.7494,bf16,7645,12288,56,25,167.92,63,1980,9251,5898.69,5970,5903.46,1
9.9197,bf16,7645,12288,56,25,167.92,63,1980,9251,5898.83,5970,5903.46,1
10.0887,bf16,7645,12288,56,25,196.88,64,1980,9251,5898.97,5970,5903.46,1
10.2615,bf16,7645,12288,56,25,196.88,64,1980,9251,5899.11,5970,5903.46,1
10.4327,bf16,7645,12288,56,25,196.88,64,1980,9251,5899.28,5970,5903.46,1
10.6038,bf16,7645,12288,51,22,203.01,64,1980,9251,5899.39,5970,5903.46,1
10.7740,bf16,7645,12288,51,22,203.01,64,1980,9251,5899.53,5970,5903.46,1
10.9446,bf16,7645,12288,51,22,203.01,64,1980,9251,5899.67,5970,5903.46,1
11.1139,bf16,7645,12288,51,22,203.73,64,1980,9251,5899.83,5970,5903.46,1
11.2847,bf16,7645,12288,51,22,203.73,64,1980,9251,5900.23,5970,5903.46,1
11.4548,bf16,7645,12288,51,22,203.73,64,1980,9251,5900.11,5970,5903.59,1
11.6238,bf16,7645,12288,48,23,203.44,64,1980,9251,5900.28,5970,5903.81,1
11.7941,bf16,7645,12288,48,23,203.44,64,1980,9251,5900.35,5970,5904.01,1
11.9640,bf16,7645,12288,48,23,203.44,64,1980,9251,5900.47,5970,5904.26,1
12.1350,bf16,7645,12288,48,23,201.37,65,1980,9251,5900.6,5970,5904.47,1
12.3059,bf16,7645,12288,48,23,201.37,65,1980,9251,5900.75,5970,5904.73,1
12.4788,bf16,7645,12288,48,23,201.37,65,1980,9251,5900.9,5970,5904.98,1
12.6460,bf16,7645,12288,53,24,201.15,65,1980,9251,5901,5970,5905.16,1
12.8163,bf16,7645,12288,53,24,201.15,65,1980,9251,5901.11,5970,5905.35,1
12.9871,bf16,7645,12288,53,24,201.15,65,1980,9251,5901.2,5970,5905.53,1
13.1557,bf16,7645,12288,53,24,197.68,64,1980,9251,5901.34,5970,5905.75,1
13.3278,bf16,7645,12288,53,24,197.68,64,1980,9251,5901.49,5970,5906,1
13.4986,bf16,7645,12288,53,24,197.68,64,1980,9251,5901.64,5970,5906.2,1
13.6715,bf16,7645,12288,45,20,196.32,65,1980,9251,5901.75,5970,5906.47,1
13.8404,bf16,7645,12288,45,20,196.32,65,1980,9251,5901.9,5970,5906.72,1
14.0099,bf16,7645,12288,45,20,200.54,65,1980,9251,5902.02,5970,5906.92,1
14.1801,bf16,7647,12288,45,20,200.54,65,1980,9251,5905.65,5972,5907.16,1
14.3497,bf16,7647,12288,45,20,200.54,65,1980,9251,5902.28,5972,5907.37,1
14.5198,bf16,7647,12288,46,19,200.64,65,1980,9251,5902.39,5972,5907.57,1
14.6921,bf16,7647,12288,46,19,200.64,65,1980,9251,5902.51,5972,5907.77,1
14.8616,bf16,7647,12288,46,19,200.64,65,1980,9251,5902.65,5972,5908.02,1
15.0320,bf16,7647,12288,46,19,200.17,65,1980,9251,5902.8,5972,5908.26,1
15.2015,bf16,7647,12288,46,19,200.17,65,1980,9251,5902.91,5972,5908.47,1
15.3709,bf16,7647,12288,46,19,200.17,65,1980,9251,5903.06,5972,5908.72,1
15.5398,bf16,7647,12288,45,19,200.51,65,1980,9251,5907.18,5972,5908.92,1
15.7109,bf16,7647,12288,45,19,200.51,65,1980,9251,5903.31,5972,5909.15,1
15.8818,bf16,7647,12288,45,19,200.51,65,1980,9251,5903.43,5972,5909.35,1
16.0498,bf16,7647,12288,45,19,201.57,65,1980,9251,5903.57,5972,5909.59,1
16.2187,bf16,7649,12288,45,19,201.57,65,1980,9251,5903.7,5974,5909.8,1
16.3891,bf16,7649,12288,45,19,201.57,65,1980,9251,5903.84,5974,5910.06,1
16.5605,bf16,7649,12288,48,21,201.04,65,1980,9251,5908.32,5974,5910.24,1
16.7299,bf16,7649,12288,48,21,201.04,65,1980,9251,5904.05,5974,5910.43,1
16.9021,bf16,7649,12288,48,21,201.04,65,1980,9251,5904.18,5974,5910.66,1
17.0714,bf16,7649,12288,48,21,200.11,65,1980,9251,5904.31,5974,5910.86,1
17.2405,bf16,7649,12288,48,21,200.11,65,1980,9251,5904.43,5974,5911.09,1
17.4123,bf16,7649,12288,48,21,200.11,65,1980,9251,5904.6,5974,5911.34,1
17.5836,bf16,7649,12288,57,25,200.79,65,1980,9251,5904.74,5974,5911.62,1
17.7538,bf16,7649,12288,57,25,200.79,65,1980,9251,5904.86,5974,5911.82,1
17.9241,bf16,7649,12288,57,25,200.79,65,1980,9251,5905,5974,5912.05,1
18.0935,bf16,7649,12288,57,25,204.17,65,1980,9251,5905.12,5974,5912.26,1
18.2662,bf16,7649,12288,57,25,204.17,65,1980,9251,5905.41,5974,5912.53,1
18.4373,bf16,7649,12288,57,25,204.17,65,1980,9251,5910.54,5974,5912.78,1
18.6068,bf16,7649,12288,51,22,205.81,66,1980,9251,5905.55,5974,5912.98,1
18.7778,bf16,7651,12288,51,22,205.81,66,1980,9251,5905.69,5976,5913.21,1
18.9476,bf16,7651,12288,51,22,205.81,66,1980,9251,5905.82,5976,5913.47,1
19.1170,bf16,7651,12288,51,22,205.57,65,1980,9251,5905.95,5976,5913.7,1
19.2883,bf16,7651,12288,51,22,205.57,65,1980,9251,5911.56,5976,5913.95,1
19.4580,bf16,7651,12288,51,22,205.57,65,1980,9251,5906.23,5976,5914.2,1
19.6274,bf16,7651,12288,57,26,206.66,66,1980,9251,5906.38,5976,5914.43,1
19.7951,bf16,7651,12288,57,26,206.66,66,1980,9251,5914.62,5976,5914.62,1
19.9665,bf16,7653,12288,57,26,206.66,66,1980,9251,5906.65,5978,5914.9,1
20.1367,bf16,7653,12288,57,26,207.04,66,1980,9251,5906.77,5978,5915.1,1
20.3073,bf16,7653,12288,57,26,207.04,66,1980,9251,5906.89,5978,5915.33,1
20.4792,bf16,7653,12288,57,26,207.04,66,1980,9251,5907.01,5978,5915.54,1
20.6489,bf16,7653,12288,52,23,203.89,65,1980,9251,5897.53,5978,5915.72,2
20.8203,bf16,7653,12288,52,23,203.89,65,1980,9251,5898.5,5978,5915.72,2
20.9908,bf16,7653,12288,52,23,203.89,65,1980,9251,5898.62,5978,5915.72,2
21.1593,bf16,7653,12288,52,23,204.38,65,1980,9251,5898.75,5978,5915.72,2
21.3296,bf16,7653,12288,52,23,204.38,65,1980,9251,5898.88,5978,5915.72,2
21.4994,bf16,7653,12288,52,23,204.38,65,1980,9251,5899.05,5978,5915.72,2
21.6715,bf16,7653,12288,57,25,204.38,65,1980,9251,5899.16,5978,5915.72,2
21.8411,bf16,7653,12288,57,25,204.38,65,1980,9251,5899.31,5978,5915.72,2
22.0108,bf16,7653,12288,57,25,202.55,65,1980,9251,5899.43,5978,5915.72,2
22.1800,bf16,7653,12288,57,25,202.55,65,1980,9251,5899.54,5978,5915.72,2
22.3505,bf16,7653,12288,57,25,202.55,65,1980,9251,5901.9,5978,5915.72,2
22.5231,bf16,7653,12288,45,19,200.66,65,1980,9251,5899.78,5978,5915.72,2
22.6940,bf16,7653,12288,45,19,200.66,65,1980,9251,5899.96,5978,5915.72,2
22.8656,bf16,7653,12288,45,19,200.66,65,1980,9251,5902.46,5978,5915.72,2
23.0362,bf16,7653,12288,45,19,197.74,65,1980,9251,5900.14,5978,5915.72,2
23.2058,bf16,7653,12288,45,19,197.74,65,1980,9251,5902.79,5978,5915.72,2
23.3763,bf16,7653,12288,45,19,197.74,65,1980,9251,5900.38,5978,5915.72,2
23.5477,bf16,7653,12288,46,19,196.01,65,1980,9251,5900.49,5978,5915.72,2
23.7211,bf16,7653,12288,46,19,196.01,65,1980,9251,5900.6,5978,5915.72,2
23.8908,bf16,7653,12288,46,19,196.01,65,1980,9251,5900.75,5978,5915.72,2
24.0606,bf16,7653,12288,46,19,197.02,65,1980,9251,5900.89,5978,5915.72,2
24.2302,bf16,7653,12288,46,19,197.02,65,1980,9251,5900.99,5978,5915.72,2
24.4008,bf16,7653,12288,46,19,197.02,65,1980,9251,5901.11,5978,5915.72,2
24.5696,bf16,7653,12288,53,23,199.04,65,1980,9251,5901.25,5978,5915.72,2
24.7411,bf16,7653,12288,53,23,199.04,65,1980,9251,5901.38,5978,5915.72,2
24.9115,bf16,7653,12288,53,23,199.04,65,1980,9251,5901.49,5978,5915.72,2
25.0826,bf16,7653,12288,53,23,199.19,65,1980,9251,5901.61,5978,5915.72,2
25.2528,bf16,7653,12288,53,23,199.19,65,1980,9251,5905,5978,5915.72,2
25.4234,bf16,7653,12288,53,23,199.19,65,1980,9251,5901.86,5978,5915.72,2
25.5968,bf16,7653,12288,46,19,198.28,65,1980,9251,5901.96,5978,5915.72,2
25.7673,bf16,7653,12288,46,19,198.28,65,1980,9251,5905.52,5978,5915.72,2
25.9379,bf16,7653,12288,46,19,198.28,65,1980,9251,5902.26,5978,5915.72,2
26.1104,bf16,7653,12288,46,19,197.61,65,1980,9251,5905.96,5978,5915.72,2
26.2804,bf16,7653,12288,46,19,197.61,65,1980,9251,5902.53,5978,5915.72,2
26.4504,bf16,7653,12288,46,19,197.61,65,1980,9251,5902.63,5978,5915.72,2
26.6187,bf16,7653,12288,48,20,201.87,65,1980,9251,5902.77,5978,5915.72,2
26.7882,bf16,7653,12288,48,20,201.87,65,1980,9251,5902.9,5978,5915.72,2
26.9587,bf16,7653,12288,48,20,201.87,65,1980,9251,5908.7,5978,5915.72,2
27.1290,bf16,7653,12288,48,20,205.18,66,1980,9251,5903.16,5978,5915.72,2
27.2994,bf16,7653,12288,48,20,205.18,66,1980,9251,5903.28,5978,5915.72,2
27.4716,bf16,7653,12288,48,20,205.18,66,1980,9251,5903.4,5978,5915.72,2
27.6419,bf16,7653,12288,47,20,200.09,65,1980,9251,5903.78,5978,5915.72,2
27.8109,bf16,7653,12288,47,20,200.09,65,1980,9251,5903.64,5978,5915.72,2
27.9824,bf16,7653,12288,47,20,200.09,65,1980,9251,5903.76,5978,5915.72,2
28.1518,bf16,7653,12288,47,20,197.55,65,1980,9251,5903.88,5978,5915.72,2
28.3231,bf16,7653,12288,47,20,197.55,65,1980,9251,5904.03,5978,5915.72,2
28.4933,bf16,7653,12288,47,20,197.55,65,1980,9251,5904.17,5978,5915.72,2
28.6642,bf16,7653,12288,57,26,201.66,65,1980,9251,5904.29,5978,5915.72,2
28.8349,bf16,7653,12288,57,26,201.66,65,1980,9251,5904.58,5978,5915.72,2
29.0052,bf16,7653,12288,57,26,205.85,65,1980,9251,5904.59,5978,5915.72,2
29.1752,bf16,7653,12288,57,26,205.85,65,1980,9251,5909.53,5978,5915.72,2
29.3460,bf16,7653,12288,57,26,205.85,65,1980,9251,5904.89,5978,5915.72,2
29.5158,bf16,7653,12288,58,26,208.5,65,1980,9251,5905.05,5978,5915.72,2
29.6864,bf16,7653,12288,58,26,208.5,65,1980,9251,5910.16,5978,5915.72,2
29.8597,bf16,7653,12288,58,26,208.5,65,1980,9251,5905.32,5978,5915.72,2
30.0287,bf16,7653,12288,58,26,207.59,65,1980,9251,5905.44,5978,5915.72,2
30.1978,bf16,7653,12288,58,26,207.59,65,1980,9251,5905.73,5978,5915.72,2
30.3683,bf16,7653,12288,58,26,207.59,65,1980,9251,5905.74,5978,5915.72,2
30.5376,bf16,7653,12288,57,25,207.28,65,1980,9251,5905.88,5978,5915.72,2
30.7063,bf16,7653,12288,57,25,207.28,65,1980,9251,5906.02,5978,5915.72,2
30.8803,bf16,7653,12288,57,25,207.28,65,1980,9251,5906.18,5978,5915.72,2
31.0513,bf16,7653,12288,57,25,207.54,66,1980,9251,5906.29,5978,5915.72,2
31.2210,bf16,7653,12288,57,25,207.54,66,1980,9251,5906.6,5978,5915.72,2
31.3901,bf16,7653,12288,57,25,207.54,66,1980,9251,5906.6,5978,5915.72,2
31.5630,bf16,7653,12288,59,26,208.84,66,1980,9251,5906.77,5978,5915.72,2
31.7468,bf16,7653,12288,59,26,208.84,66,1980,9251,5906.91,5978,5915.72,2
31.9189,bf16,7653,12288,59,26,208.84,66,1980,9251,5907.06,5978,5915.72,2
32.0894,bf16,7653,12288,59,26,209.43,66,1980,9251,5907.21,5978,5915.88,2
32.2579,bf16,7653,12288,59,26,209.43,66,1980,9251,5896.17,5978,5916.08,2
32.4257,bf16,7653,12288,59,26,209.43,66,1980,9251,5898.18,5978,5916.08,3
32.5963,bf16,7653,12288,49,21,209.9,65,1980,9251,5899.19,5978,5916.08,3
32.7661,bf16,7653,12288,49,21,209.9,65,1980,9251,5898.45,5978,5916.08,3
32.9349,bf16,7653,12288,49,21,209.9,65,1980,9251,5898.85,5978,5916.08,3
33.1060,bf16,7746,12288,49,21,205.8,65,1980,9251,5898.73,5978,5916.08,3
33.2767,bf16,7742,12288,49,21,205.8,65,1980,9251,5899.14,5978,5916.08,3
33.4456,bf16,7742,12288,49,21,205.8,65,1980,9251,5899.01,5978,5916.08,3
33.6171,bf16,7742,12288,53,23,203.02,65,1980,9251,5899.18,5978,5916.08,3
33.8201,bf16,7795,12288,53,23,203.02,65,1980,9251,5901.29,5978,5916.08,3
33.9916,bf16,7815,12288,53,23,203.02,65,1980,9251,5899.36,5978,5916.08,3
34.1622,bf16,7815,12288,53,23,199.69,65,1980,9251,5899.5,5978,5916.08,3
34.3327,bf16,7778,12288,53,23,199.69,65,1980,9251,5899.62,5978,5916.08,3
34.5021,bf16,7739,12288,53,23,199.69,65,1980,9251,5899.73,5978,5916.08,3
34.6708,bf16,7739,12288,52,22,199.26,65,1980,9251,5899.89,5978,5916.08,3
34.8408,bf16,7686,12288,52,22,199.26,65,1980,9251,5900.02,5978,5916.08,3
35.0112,bf16,7686,12288,52,22,203.14,65,1980,9251,5900.14,5978,5916.08,3
35.1815,bf16,7686,12288,52,22,203.14,65,1980,9251,5900.33,5978,5916.08,3
35.3512,bf16,7685,12288,52,22,203.14,65,1980,9251,5900.41,5978,5916.08,3
35.5210,bf16,7685,12288,44,19,202.61,65,1980,9251,5900.51,5978,5916.08,3
35.6915,bf16,7685,12288,44,19,202.61,65,1980,9251,5903.33,5978,5916.08,3
35.8602,bf16,7685,12288,44,19,202.61,65,1980,9251,5900.77,5978,5916.08,3
36.0311,bf16,7685,12288,44,19,199.19,65,1980,9251,5904.98,5978,5916.08,3
36.2018,bf16,7685,12288,44,19,199.19,65,1980,9251,5901.04,5978,5916.08,3
36.3716,bf16,7685,12288,44,19,199.19,65,1980,9251,5901.18,5978,5916.08,3
36.5401,bf16,7685,12288,55,25,201.59,65,1980,9251,5901.31,5978,5916.08,3
36.7096,bf16,7665,12288,55,25,201.59,65,1980,9251,5901.5,5978,5916.08,3
36.8789,bf16,7665,12288,55,25,201.59,65,1980,9251,5901.69,5978,5916.08,3
37.0499,bf16,7665,12288,55,25,205.42,65,1980,9251,5901.79,5978,5916.08,3
37.2200,bf16,7665,12288,55,25,205.42,65,1980,9251,5901.91,5978,5916.08,3
37.3896,bf16,7665,12288,55,25,205.42,65,1980,9251,5902.05,5978,5916.08,3
37.5589,bf16,7665,12288,53,23,207.44,65,1980,9251,5902.18,5978,5916.08,3
37.7287,bf16,7665,12288,53,23,207.44,65,1980,9251,5902.29,5978,5916.08,3
37.8982,bf16,7665,12288,53,23,207.44,65,1980,9251,5902.69,5978,5916.08,3
38.0675,bf16,7665,12288,53,23,203.9,65,1980,9251,5902.56,5978,5916.08,3
38.2377,bf16,7658,12288,53,23,203.9,65,1980,9251,5902.71,5978,5916.08,3
38.4085,bf16,7658,12288,53,23,203.9,65,1980,9251,5906.63,5978,5916.08,3
38.5797,bf16,7658,12288,52,23,201.78,65,1980,9251,5902.97,5978,5916.08,3
38.7471,bf16,7658,12288,52,23,201.78,65,1980,9251,5903.08,5978,5916.08,3
38.9189,bf16,7658,12288,52,23,201.78,65,1980,9251,5903.24,5978,5916.08,3
39.0912,bf16,7658,12288,52,23,204.96,65,1980,9251,5903.36,5978,5916.08,3
39.2610,bf16,7658,12288,52,23,204.96,65,1980,9251,5903.5,5978,5916.08,3
39.4291,bf16,7658,12288,52,23,204.96,65,1980,9251,5903.88,5978,5916.08,3
39.5976,bf16,7658,12288,49,21,202.61,65,1980,9251,5903.74,5978,5916.08,3
39.7678,bf16,7658,12288,49,21,202.61,65,1980,9251,5903.85,5978,5916.08,3
39.9364,bf16,7658,12288,49,21,202.61,65,1980,9251,5903.98,5978,5916.08,3
40.1072,bf16,7658,12288,49,21,200.73,65,1980,9251,5904.12,5978,5916.08,3
40.2769,bf16,7658,12288,49,21,200.73,65,1980,9251,5904.26,5978,5916.08,3
40.4455,bf16,7658,12288,49,21,200.73,65,1980,9251,5904.39,5978,5916.08,3
40.6181,bf16,7658,12288,49,21,201.16,65,1980,9251,5904.5,5978,5916.08,3
40.7883,bf16,7658,12288,49,21,201.16,65,1980,9251,5904.67,5978,5916.08,3
40.9593,bf16,7657,12288,49,21,201.16,65,1980,9251,5904.78,5978,5916.08,3
41.1299,bf16,7657,12288,49,21,203.54,65,1980,9251,5904.91,5978,5916.08,3
41.3010,bf16,7657,12288,49,21,203.54,65,1980,9251,5905.03,5978,5916.08,3
41.4726,bf16,7653,12288,49,21,203.54,65,1980,9251,5905.17,5978,5916.08,3
41.6453,bf16,7693,12288,49,21,202.06,65,1980,9251,5905.29,5978,5916.08,3
41.8153,bf16,7742,12288,49,21,202.06,65,1980,9251,5905.41,5978,5916.08,3
41.9865,bf16,7742,12288,49,21,202.06,65,1980,9251,5905.82,5978,5916.08,3
42.1575,bf16,7742,12288,49,21,199.29,65,1980,9251,5905.7,5978,5916.08,3
42.3288,bf16,7742,12288,49,21,199.29,65,1980,9251,5905.85,5978,5916.08,3
42.5036,bf16,7742,12288,49,21,199.29,65,1980,9251,5905.98,5978,5916.08,3
42.6723,bf16,7742,12288,43,21,200.36,65,1980,9251,5906.12,5978,5916.08,3
42.8421,bf16,7742,12288,43,21,200.36,65,1980,9251,5906.41,5978,5916.08,3
43.0126,bf16,7742,12288,43,21,202.37,65,1980,9251,5906.42,5978,5916.08,3
43.1810,bf16,7800,12288,43,21,202.37,65,1980,9251,5906.54,5978,5916.08,3
43.3499,bf16,7787,12288,43,21,202.37,65,1980,9251,5906.67,5978,5916.08,3
43.5205,bf16,7787,12288,57,25,201.6,65,1980,9251,5906.79,5978,5916.08,3
43.6903,bf16,7787,12288,57,25,201.6,65,1980,9251,5906.92,5978,5916.08,3
43.8604,bf16,7787,12288,57,25,201.6,65,1980,9251,5907.04,5978,5916.08,3
44.0297,bf16,7787,12288,57,25,202.35,65,1980,9251,5898,5978,5916.08,4
44.2003,bf16,7787,12288,57,25,202.35,65,1980,9251,5898.17,5978,5916.08,4
44.3706,bf16,7734,12288,57,25,202.35,65,1980,9251,5898.27,5978,5916.08,4
44.5414,bf16,7690,12288,45,19,201.17,65,1980,9251,5898.64,5978,5916.08,4
44.7101,bf16,7690,12288,45,19,201.17,65,1980,9251,5900.14,5978,5916.08,4
44.8791,bf16,7690,12288,45,19,201.17,65,1980,9251,5898.64,5978,5916.08,4
45.0498,bf16,7690,12288,45,19,199.46,65,1980,9251,5898.76,5978,5916.08,4
45.2196,bf16,7690,12288,45,19,199.46,65,1980,9251,5898.92,5978,5916.08,4
45.3913,bf16,7679,12288,45,19,199.46,65,1980,9251,5899,5978,5916.08,4
45.5607,bf16,7679,12288,50,21,198.27,65,1980,9251,5899.13,5978,5916.08,4
45.7313,bf16,7679,12288,50,21,198.27,65,1980,9251,5899.29,5978,5916.08,4
45.9017,bf16,7679,12288,50,21,198.27,65,1980,9251,5899.44,5978,5916.08,4
46.0735,bf16,7679,12288,50,21,200.95,65,1980,9251,5899.55,5978,5916.08,4
46.2436,bf16,7711,12288,50,21,200.95,65,1980,9251,5899.67,5978,5916.08,4
46.4151,bf16,7761,12288,50,21,200.95,65,1980,9251,5899.82,5978,5916.08,4
46.5866,bf16,7760,12288,41,20,198.75,65,1980,9251,5899.9,5978,5916.08,4
46.7551,bf16,7760,12288,41,20,198.75,65,1980,9251,5900.01,5978,5916.08,4
46.9245,bf16,7760,12288,41,20,198.75,65,1980,9251,5900.12,5978,5916.08,4
47.0946,bf16,7760,12288,41,20,190.96,65,1980,9251,5900.3,5978,5916.08,4
47.2656,bf16,7760,12288,41,20,190.96,65,1980,9251,5900.38,5978,5916.08,4
47.4374,bf16,7735,12288,41,20,190.96,65,1980,9251,5900.45,5978,5916.08,4
47.6062,bf16,7730,12288,38,18,188.31,65,1980,9251,5900.63,5978,5916.08,4
47.7752,bf16,7730,12288,38,18,188.31,65,1980,9251,5900.69,5978,5916.08,4
47.9471,bf16,7730,12288,38,18,188.31,65,1980,9251,5900.91,5978,5916.08,4
48.1177,bf16,7730,12288,38,18,191.22,65,1980,9251,5903.88,5978,5916.08,4
48.2880,bf16,7714,12288,38,18,191.22,65,1980,9251,5901.1,5978,5916.08,4
48.4578,bf16,7692,12288,38,18,191.22,65,1980,9251,5901.22,5978,5916.08,4
48.6300,bf16,7692,12288,42,20,194.17,65,1980,9251,5904.47,5978,5916.08,4
48.7998,bf16,7692,12288,42,20,194.17,65,1980,9251,5901.53,5978,5916.08,4
48.9709,bf16,7692,12288,42,20,194.17,65,1980,9251,5901.68,5978,5916.08,4
49.1425,bf16,7692,12288,42,20,199.86,65,1980,9251,5901.79,5978,5916.08,4
49.3151,bf16,7692,12288,42,20,199.86,65,1980,9251,5901.93,5978,5916.08,4
49.4865,bf16,7644,12288,42,20,199.86,65,1980,9251,5902.05,5978,5916.08,4
49.6561,bf16,7644,12288,38,18,198.33,65,1980,9251,5902.17,5978,5916.08,4
49.8269,bf16,7644,12288,38,18,198.33,65,1980,9251,5902.32,5978,5916.08,4
49.9969,bf16,7644,12288,38,18,198.33,65,1980,9251,5902.45,5978,5916.08,4
50.1667,bf16,7644,12288,38,18,195.81,65,1980,9251,5902.57,5978,5916.08,4
50.3349,bf16,7644,12288,38,18,195.81,65,1980,9251,5906.48,5978,5916.08,4
50.5062,bf16,7644,12288,53,26,198.08,65,1980,9251,5903.31,5978,5916.08,4
50.6783,bf16,7644,12288,53,26,198.08,65,1980,9251,5903.01,5978,5916.08,4
50.8478,bf16,7644,12288,53,26,198.08,65,1980,9251,5903.43,5978,5916.08,4
51.0157,bf16,7644,12288,53,26,201.28,65,1980,9251,5903.31,5978,5916.08,4
51.1859,bf16,7644,12288,53,26,201.28,65,1980,9251,5903.46,5978,5916.08,4
51.3569,bf16,7598,12288,53,26,201.28,65,1980,9251,5903.89,5978,5916.08,4
51.5294,bf16,7596,12288,42,20,203.06,65,1980,9251,5903.74,5978,5916.08,4
51.7019,bf16,7596,12288,42,20,203.06,65,1980,9251,5903.92,5978,5916.08,4
51.8712,bf16,7596,12288,42,20,203.06,65,1980,9251,5904.02,5978,5916.08,4
52.0405,bf16,7596,12288,42,20,202.62,65,1980,9251,5910.61,5978,5916.08,4
52.2119,bf16,7596,12288,42,20,202.62,65,1980,9251,5904.33,5978,5916.08,4
52.3838,bf16,7596,12288,42,20,202.62,65,1980,9251,5904.46,5978,5916.08,4
52.5549,bf16,7596,12288,45,22,200.64,65,1980,9251,5904.58,5978,5916.08,4
52.7250,bf16,7596,12288,45,22,200.64,65,1980,9251,5904.71,5978,5916.08,4
52.8942,bf16,7596,12288,45,22,200.64,65,1980,9251,5904.86,5978,5916.08,4
53.0645,bf16,7596,12288,45,22,201.49,65,1980,9251,5904.99,5978,5916.08,4
53.2343,bf16,7596,12288,45,22,201.49,65,1980,9251,5905.12,5978,5916.08,4
53.4064,bf16,7596,12288,45,22,201.49,65,1980,9251,5905.25,5978,5916.08,4
53.5757,bf16,7596,12288,48,23,198.28,65,1980,9251,5905.42,5978,5916.08,4
53.7472,bf16,7596,12288,48,23,198.28,65,1980,9251,5905.54,5978,5916.08,4
53.9180,bf16,7596,12288,48,23,198.28,65,1980,9251,5905.73,5978,5916.08,4
54.0874,bf16,7596,12288,48,23,201.08,65,1980,9251,5905.86,5978,5916.08,4
54.2595,bf16,7596,12288,48,23,201.08,65,1980,9251,5905.98,5978,5916.08,4
54.4312,bf16,7596,12288,48,23,201.08,65,1980,9251,5911.56,5978,5916.08,4
54.6012,bf16,7595,12288,44,21,201.87,65,1980,9251,5906.28,5978,5916.08,4
54.7695,bf16,7595,12288,44,21,201.87,65,1980,9251,5906.38,5978,5916.08,4
54.9406,bf16,7595,12288,44,21,201.87,65,1980,9251,5906.53,5978,5916.08,4
55.1136,bf16,7595,12288,44,21,200.7,65,1980,9251,5906.91,5978,5916.08,4
55.2844,bf16,7595,12288,44,21,200.7,65,1980,9251,5915.08,5978,5916.08,4
55.4559,bf16,7595,12288,44,21,200.7,65,1980,9251,5906.87,5978,5916.08,4
55.6256,bf16,7595,12288,38,19,196.37,65,1980,9251,5897.78,5978,5916.08,5
55.7955,bf16,7595,12288,38,19,196.37,65,1980,9251,5897.92,5978,5916.08,5
55.9651,bf16,7595,12288,38,19,196.37,65,1980,9251,5898.05,5978,5916.08,5
56.1354,bf16,7595,12288,38,19,195.09,65,1980,9251,5898.18,5978,5916.08,5
56.3095,bf16,7595,12288,38,19,195.09,65,1980,9251,5898.36,5978,5916.08,5
56.4808,bf16,7595,12288,38,19,195.09,65,1980,9251,5898.51,5978,5916.08,5
56.6493,bf16,7595,12288,52,25,200.4,65,1980,9251,5898.65,5978,5916.08,5
56.8206,bf16,7595,12288,52,25,200.4,65,1980,9251,5898.78,5978,5916.08,5
56.9904,bf16,7595,12288,52,25,200.08,65,1980,9251,5898.94,5978,5916.08,5
57.1792,bf16,7595,12288,52,25,200.08,65,1980,9251,5899.08,5978,5916.08,5
57.3510,bf16,7595,12288,52,25,200.08,65,1980,9251,5899.23,5978,5916.08,5
57.5230,bf16,7595,12288,52,25,200.8,65,1980,9251,5899.42,5978,5916.08,5
57.6921,bf16,7595,12288,52,25,200.8,65,1980,9251,5901.62,5978,5916.08,5
57.8638,bf16,7595,12288,52,25,200.8,65,1980,9251,5899.6,5978,5916.08,5
58.0347,bf16,7595,12288,52,25,197.07,65,1980,9251,5899.77,5978,5916.08,5
58.2081,bf16,7595,12288,52,25,197.07,65,1980,9251,5899.91,5978,5916.08,5
58.3776,bf16,7595,12288,52,25,197.07,65,1980,9251,5900.12,5978,5916.08,5
58.5518,bf16,7595,12288,48,23,198.44,65,1980,9251,5900.21,5978,5916.08,5
58.7223,bf16,7595,12288,48,23,198.44,65,1980,9251,5900.35,5978,5916.08,5
58.8931,bf16,7595,12288,48,23,198.44,65,1980,9251,5900.49,5978,5916.08,5
59.0609,bf16,7595,12288,48,23,201.72,65,1980,9251,5900.63,5978,5916.08,5
59.2327,bf16,7595,12288,48,23,201.72,65,1980,9251,5900.74,5978,5916.08,5
59.4013,bf16,7595,12288,48,23,201.72,65,1980,9251,5900.9,5978,5916.08,5
59.5698,bf16,7595,12288,43,21,198.65,65,1980,9251,5901.01,5978,5916.08,5
59.7404,bf16,7595,12288,43,21,198.65,65,1980,9251,5901.12,5978,5916.08,5
59.9123,bf16,7595,12288,43,21,198.65,65,1980,9251,5901.26,5978,5916.08,5
60.0815,bf16,7595,12288,43,21,194.53,65,1980,9251,5901.36,5978,5916.08,5
60.2509,bf16,7595,12288,43,21,194.53,65,1980,9251,5901.48,5978,5916.08,5
60.4217,bf16,7595,12288,43,21,194.53,65,1980,9251,5901.67,5978,5916.08,5
60.5919,bf16,7595,12288,51,25,193.79,65,1980,9251,5901.79,5978,5916.08,5
60.7620,bf16,7595,12288,51,25,193.79,65,1980,9251,5901.92,5978,5916.08,5
60.9331,bf16,7595,12288,51,25,193.79,65,1980,9251,5902.05,5978,5916.08,5
61.1032,bf16,7595,12288,51,25,197.3,65,1980,9251,5902.18,5978,5916.08,5
61.2755,bf16,7595,12288,51,25,197.3,65,1980,9251,5902.32,5978,5916.08,5
61.4453,bf16,7595,12288,51,25,197.3,65,1980,9251,5902.48,5978,5916.08,5
61.6178,bf16,7595,12288,52,26,199.83,65,1980,9251,5902.6,5978,5916.08,5
61.7899,bf16,7595,12288,52,26,199.83,65,1980,9251,5902.72,5978,5916.08,5
61.9606,bf16,7595,12288,52,26,199.83,65,1980,9251,5902.85,5978,5916.08,5
62.1305,bf16,7595,12288,52,26,197.22,65,1980,9251,5906.91,5978,5916.08,5
62.3013,bf16,7595,12288,52,26,197.22,65,1980,9251,5903.15,5978,5916.08,5
62.4733,bf16,7595,12288,52,26,197.22,65,1980,9251,5903.28,5978,5916.08,5
62.6457,bf16,7595,12288,45,21,198.7,65,1980,9251,5903.42,5978,5916.08,5
62.8158,bf16,7595,12288,45,21,198.7,65,1980,9251,5907.7,5978,5916.08,5
62.9868,bf16,7595,12288,45,21,198.7,65,1980,9251,5903.65,5978,5916.08,5
63.1572,bf16,7595,12288,45,21,197.31,65,1980,9251,5903.81,5978,5916.08,5
63.3289,bf16,7595,12288,45,21,197.31,65,1980,9251,5908.32,5978,5916.08,5
63.4969,bf16,7595,12288,45,21,197.31,65,1980,9251,5904.09,5978,5916.08,5
63.6676,bf16,7595,12288,53,26,198.78,65,1980,9251,5904.23,5978,5916.08,5
63.8385,bf16,7595,12288,53,26,198.78,65,1980,9251,5904.37,5978,5916.08,5
64.0097,bf16,7595,12288,53,26,200.55,65,1980,9251,5904.49,5978,5916.08,5
64.1801,bf16,7595,12288,53,26,200.55,65,1980,9251,5904.62,5978,5916.08,5
64.3510,bf16,7595,12288,53,26,200.55,65,1980,9251,5904.76,5978,5916.08,5
64.5215,bf16,7595,12288,44,21,198,65,1980,9251,5904.88,5978,5916.08,5
64.6905,bf16,7595,12288,44,21,198,65,1980,9251,5905.29,5978,5916.08,5
64.8626,bf16,7595,12288,44,21,198,65,1980,9251,5905.16,5978,5916.08,5
65.0335,bf16,7595,12288,44,21,196.63,65,1980,9251,5910.33,5978,5916.08,5
65.2020,bf16,7595,12288,44,21,196.63,65,1980,9251,5905.68,5978,5916.08,5
65.3759,bf16,7595,12288,44,21,196.63,65,1980,9251,5905.67,5978,5916.08,5
65.5467,bf16,7594,12288,43,21,197.15,65,1980,9251,5905.67,5978,5916.08,5
65.7175,bf16,7594,12288,43,21,197.15,65,1980,9251,5905.84,5978,5916.08,5
65.8888,bf16,7594,12288,43,21,197.15,65,1980,9251,5905.96,5978,5916.08,5
66.0611,bf16,7594,12288,43,21,198.54,65,1980,9251,5906.08,5978,5916.08,5
66.2282,bf16,7594,12288,43,21,198.54,65,1980,9251,5906.22,5978,5916.08,5
66.4002,bf16,7594,12288,43,21,198.54,65,1980,9251,5906.38,5978,5916.08,5
66.5705,bf16,7594,12288,42,20,201.04,65,1980,9251,5906.5,5978,5916.08,5
66.7403,bf16,7594,12288,42,20,201.04,65,1980,9251,5906.6,5978,5916.08,5
66.9096,bf16,7594,12288,42,20,201.04,65,1980,9251,5898.27,5978,5916.08,6
67.0799,bf16,7594,12288,42,20,200.63,65,1980,9251,5898.42,5978,5916.08,6
67.2506,bf16,7594,12288,42,20,200.63,65,1980,9251,5898.56,5978,5916.08,6
67.4232,bf16,7594,12288,42,20,200.63,65,1980,9251,5898.65,5978,5916.08,6
67.5945,bf16,7594,12288,42,20,196.2,65,1980,9251,5898.76,5978,5916.08,6
67.7683,bf16,7594,12288,42,20,196.2,65,1980,9251,5900.72,5978,5916.08,6
67.9390,bf16,7594,12288,42,20,196.2,65,1980,9251,5901.7,5978,5916.08,6
68.1099,bf16,7594,12288,42,20,192.7,64,1980,9251,5899.13,5978,5916.08,6
68.2792,bf16,7594,12288,42,20,192.7,64,1980,9251,5899.26,5978,5916.08,6
68.4486,bf16,7594,12288,42,20,192.7,64,1980,9251,5899.4,5978,5916.08,6
68.6181,bf16,7594,12288,47,22,193.93,65,1980,9251,5899.56,5978,5916.08,6
68.7895,bf16,7594,12288,47,22,193.93,65,1980,9251,5899.7,5978,5916.08,6
68.9601,bf16,7594,12288,47,22,193.93,65,1980,9251,5899.85,5978,5916.08,6
69.1332,bf16,7594,12288,47,22,199.62,65,1980,9251,5899.98,5978,5916.08,6
69.3022,bf16,7594,12288,47,22,199.62,65,1980,9251,5900.12,5978,5916.08,6
69.4717,bf16,7594,12288,47,22,199.62,65,1980,9251,5900.27,5978,5916.08,6
69.6403,bf16,7594,12288,51,25,200.61,65,1980,9251,5900.43,5978,5916.08,6
69.8253,bf16,7594,12288,51,25,200.61,65,1980,9251,5900.57,5978,5916.08,6
69.9954,bf16,7594,12288,51,25,200.61,65,1980,9251,5900.7,5978,5916.08,6
70.1655,bf16,7594,12288,51,25,199.5,65,1980,9251,5900.8,5978,5916.08,6
70.3331,bf16,7594,12288,51,25,199.5,65,1980,9251,5900.98,5978,5916.08,6
70.5033,bf16,7594,12288,51,25,199.5,65,1980,9251,5901.08,5978,5916.08,6
70.6732,bf16,7594,12288,37,18,198.17,65,1980,9251,5901.2,5978,5916.08,6
70.8475,bf16,7594,12288,37,18,198.17,65,1980,9251,5901.6,5978,5916.08,6
71.0185,bf16,7594,12288,37,18,195.18,65,1980,9251,5901.47,5978,5916.08,6
71.1869,bf16,7594,12288,37,18,195.18,65,1980,9251,5904.79,5978,5916.08,6
71.3561,bf16,7594,12288,37,18,195.18,65,1980,9251,5901.71,5978,5916.08,6
71.5268,bf16,7594,12288,42,20,193.36,65,1980,9251,5901.86,5978,5916.08,6
71.6978,bf16,7594,12288,42,20,193.36,65,1980,9251,5901.95,5978,5916.08,6
71.8673,bf16,7594,12288,42,20,193.36,65,1980,9251,5905.58,5978,5916.08,6
72.0380,bf16,7594,12288,42,20,195.5,65,1980,9251,5902.23,5978,5916.08,6
72.2093,bf16,7594,12288,42,20,195.5,65,1980,9251,5902.36,5978,5916.08,6
72.3772,bf16,7594,12288,42,20,195.5,65,1980,9251,5902.48,5978,5916.08,6
72.5501,bf16,7594,12288,43,21,195.86,65,1980,9251,5902.61,5978,5916.08,6
72.7244,bf16,7594,12288,43,21,195.86,65,1980,9251,5902.74,5978,5916.08,6
72.8959,bf16,7594,12288,43,21,195.86,65,1980,9251,5902.9,5978,5916.08,6
73.0672,bf16,7594,12288,43,21,196.51,65,1980,9251,5903.02,5978,5916.08,6
73.2390,bf16,7594,12288,43,21,196.51,65,1980,9251,5907.12,5978,5916.08,6
73.4082,bf16,7594,12288,43,21,196.51,65,1980,9251,5903.29,5978,5916.08,6
73.5785,bf16,7594,12288,49,24,198.1,65,1980,9251,5903.47,5978,5916.08,6
73.7474,bf16,7594,12288,49,24,198.1,65,1980,9251,5907.76,5978,5916.08,6
73.9179,bf16,7594,12288,49,24,198.1,65,1980,9251,5903.73,5978,5916.08,6
74.0900,bf16,7594,12288,49,24,199.96,65,1980,9251,5903.93,5978,5916.08,6
74.2611,bf16,7594,12288,49,24,199.96,65,1980,9251,5904.01,5978,5916.08,6
74.4309,bf16,7594,12288,49,24,199.96,65,1980,9251,5904.14,5978,5916.08,6
74.5986,bf16,7594,12288,40,21,200.49,65,1980,9251,5904.28,5978,5916.08,6
74.7713,bf16,7594,12288,40,21,200.49,65,1980,9251,5904.41,5978,5916.08,6
74.9423,bf16,7594,12288,40,21,200.49,65,1980,9251,5904.58,5978,5916.08,6
75.1146,bf16,7594,12288,40,21,200.16,65,1980,9251,5904.72,5978,5916.08,6
75.2854,bf16,7594,12288,40,21,200.16,65,1980,9251,5911.82,5978,5916.08,6
75.4561,bf16,7594,12288,40,21,200.16,65,1980,9251,5905.02,5978,5916.08,6
75.6269,bf16,7594,12288,51,25,202.48,65,1980,9251,5905.14,5978,5916.08,6
75.8005,bf16,7594,12288,51,25,202.48,65,1980,9251,5905.25,5978,5916.08,6
75.9717,bf16,7594,12288,51,25,202.48,65,1980,9251,5905.42,5978,5916.08,6
76.1419,bf16,7594,12288,51,25,202.62,65,1980,9251,5905.54,5978,5916.08,6
76.3093,bf16,7594,12288,51,25,202.62,65,1980,9251,5905.67,5978,5916.08,6
76.4780,bf16,7594,12288,51,25,202.62,65,1980,9251,5905.79,5978,5916.08,6
76.6494,bf16,7594,12288,43,21,197.98,65,1980,9251,5905.92,5978,5916.08,6
76.8236,bf16,7594,12288,43,21,197.98,65,1980,9251,5906.31,5978,5916.08,6
76.9951,bf16,7594,12288,43,21,197.98,65,1980,9251,5906.16,5978,5916.08,6
77.1638,bf16,7594,12288,43,21,195.63,65,1980,9251,5906.32,5978,5916.08,6
77.3317,bf16,7594,12288,43,21,195.63,65,1980,9251,5906.7,5978,5916.08,6
77.5033,bf16,7594,12288,43,21,195.63,65,1980,9251,5906.55,5978,5916.08,6
77.6748,bf16,7594,12288,39,19,195.5,65,1980,9251,5906.7,5978,5916.08,6
77.8459,bf16,7594,12288,39,19,195.5,65,1980,9251,5906.8,5978,5916.08,6
78.0144,bf16,7594,12288,39,19,197.87,65,1980,9251,5906.97,5978,5916.08,6
78.1835,bf16,7594,12288,39,19,197.87,65,1980,9251,5907.27,5978,5916.08,6
78.3521,bf16,7594,12288,39,19,197.87,65,1980,9251,5913.25,5978,5916.08,6
78.5237,bf16,7594,12288,43,18,198.45,65,1980,9251,5897.58,5978,5916.08,7
78.6944,bf16,7594,12288,43,18,198.45,65,1980,9251,5897.72,5978,5916.08,7
78.8621,bf16,7594,12288,43,18,198.45,65,1980,9251,5897.85,5978,5916.08,7
79.0329,bf16,7607,12288,43,18,196.96,65,1980,9251,5898.01,5978,5916.08,7
79.2035,bf16,7607,12288,43,18,196.96,65,1980,9251,5898.1,5978,5916.08,7
79.3731,bf16,7607,12288,43,18,196.96,65,1980,9251,5898.25,5978,5916.08,7
79.5439,bf16,7607,12288,47,23,194.79,65,1980,9251,5898.37,5978,5916.08,7
79.7134,bf16,7607,12288,47,23,194.79,65,1980,9251,5898.48,5978,5916.08,7
79.8865,bf16,7607,12288,47,23,194.79,65,1980,9251,5898.6,5978,5916.08,7
80.0573,bf16,7607,12288,47,23,192.88,64,1980,9251,5898.72,5978,5916.08,7
80.2285,bf16,7607,12288,47,23,192.88,64,1980,9251,5898.86,5978,5916.08,7
80.3984,bf16,7603,12288,47,23,192.88,64,1980,9251,5898.99,5978,5916.08,7
80.5839,bf16,7603,12288,41,20,191.98,65,1980,9251,5899.14,5978,5916.08,7
80.7537,bf16,7603,12288,41,20,191.98,65,1980,9251,5899.26,5978,5916.08,7
80.9240,bf16,7603,12288,41,20,191.98,65,1980,9251,5899.42,5978,5916.08,7
81.0925,bf16,7603,12288,41,20,195.72,65,1980,9251,5899.52,5978,5916.08,7
81.2635,bf16,7603,12288,41,20,195.72,65,1980,9251,5899.65,5978,5916.08,7
81.4339,bf16,7603,12288,41,20,195.72,65,1980,9251,5899.79,5978,5916.08,7
81.6056,bf16,7603,12288,48,23,195.7,65,1980,9251,5899.94,5978,5916.08,7
81.7749,bf16,7603,12288,48,23,195.7,65,1980,9251,5900.05,5978,5916.08,7
81.9467,bf16,7603,12288,48,23,195.7,65,1980,9251,5900.2,5978,5916.08,7
82.1170,bf16,7603,12288,48,23,196.37,65,1980,9251,5900.35,5978,5916.08,7
82.2874,bf16,7603,12288,48,23,196.37,65,1980,9251,5900.51,5978,5916.08,7
82.4583,bf16,7603,12288,48,23,196.37,65,1980,9251,5900.64,5978,5916.08,7
82.6275,bf16,7603,12288,43,21,200.67,65,1980,9251,5900.78,5978,5916.08,7
82.7966,bf16,7603,12288,43,21,200.67,65,1980,9251,5900.95,5978,5916.08,7
82.9666,bf16,7603,12288,43,21,200.67,65,1980,9251,5905.28,5978,5916.08,7
83.1363,bf16,7603,12288,43,21,201.56,65,1980,9251,5901.18,5978,5916.08,7
83.3039,bf16,7603,12288,43,21,201.56,65,1980,9251,5901.32,5978,5916.08,7
83.4717,bf16,7603,12288,43,21,201.56,65,1980,9251,5904.56,5978,5916.08,7
83.6426,bf16,7603,12288,44,21,197.51,65,1980,9251,5901.58,5978,5916.08,7
83.8134,bf16,7603,12288,44,21,197.51,65,1980,9251,5901.71,5978,5916.08,7
83.9817,bf16,7594,12288,44,21,197.51,65,1980,9251,5901.86,5978,5916.08,7
84.1493,bf16,7594,12288,44,21,198.1,65,1980,9251,5905.36,5978,5916.08,7
84.3200,bf16,7594,12288,44,21,198.1,65,1980,9251,5907.13,5978,5916.08,7
84.4901,bf16,7594,12288,44,21,198.1,65,1980,9251,5902.27,5978,5916.08,7
84.6600,bf16,7594,12288,41,21,198.32,65,1980,9251,5905.97,5978,5916.08,7
84.8307,bf16,7594,12288,41,21,198.32,65,1980,9251,5906.16,5978,5916.08,7
85.0014,bf16,7594,12288,41,21,198.32,65,1980,9251,5897.26,5978,5916.08,8
85.1727,bf16,7594,12288,41,21,196.59,65,1980,9251,5897.86,5978,5916.08,9
85.3441,bf16,7594,12288,41,21,196.59,65,1980,9251,5897.98,5978,5916.08,9
85.5135,bf16,7594,12288,42,20,195.06,65,1980,9251,5899.55,5978,5916.08,9
85.6829,bf16,7594,12288,42,20,195.06,65,1980,9251,5898.23,5978,5916.08,9
85.8533,bf16,7594,12288,42,20,195.06,65,1980,9251,5898.39,5978,5916.08,9
86.0235,bf16,7594,12288,42,20,196.91,65,1980,9251,5898.51,5978,5916.08,9
86.1922,bf16,7594,12288,42,20,196.91,65,1980,9251,5898.64,5978,5916.08,9
86.3655,bf16,7594,12288,42,20,196.91,65,1980,9251,5900.55,5978,5916.08,9
86.5361,bf16,7594,12288,50,25,195.99,65,1980,9251,5898.93,5978,5916.08,9
86.7073,bf16,7594,12288,50,25,195.99,65,1980,9251,5899.05,5978,5916.08,9
86.8779,bf16,7594,12288,50,25,195.99,65,1980,9251,5899.18,5978,5916.08,9
87.0478,bf16,7594,12288,50,25,195.65,65,1980,9251,5899.32,5978,5916.08,9
87.2195,bf16,7594,12288,50,25,195.65,65,1980,9251,5899.49,5978,5916.08,9
87.3912,bf16,7594,12288,50,25,195.65,65,1980,9251,5899.57,5978,5916.08,9
87.5617,bf16,7594,12288,45,22,196.02,65,1980,9251,5899.72,5978,5916.08,9
87.7323,bf16,7594,12288,45,22,196.02,65,1980,9251,5899.87,5978,5916.08,9
87.9015,bf16,7594,12288,45,22,196.02,65,1980,9251,5899.96,5978,5916.08,9
88.0735,bf16,7594,12288,45,22,193.61,65,1980,9251,5902.5,5978,5916.08,9
88.2439,bf16,7594,12288,45,22,193.61,65,1980,9251,5900.21,5978,5916.08,9
88.4151,bf16,7594,12288,45,22,193.61,65,1980,9251,5900.31,5978,5916.08,9
88.5870,bf16,7594,12288,37,18,192.85,64,1980,9251,5904.2,5978,5916.08,9
88.7562,bf16,7594,12288,37,18,192.85,64,1980,9251,5900.55,5978,5916.08,9
88.9254,bf16,7594,12288,37,18,192.85,64,1980,9251,5900.69,5978,5916.08,9
89.0953,bf16,7594,12288,37,18,190.76,65,1980,9251,5900.82,5978,5916.08,9
89.2681,bf16,7594,12288,37,18,190.76,65,1980,9251,5900.94,5978,5916.08,9
89.4393,bf16,7594,12288,37,18,190.76,65,1980,9251,5902.68,5978,5916.08,9
89.6099,bf16,7594,12288,40,19,191.36,64,1980,9251,5901.24,5978,5916.08,9
89.7791,bf16,7594,12288,40,19,191.36,64,1980,9251,5901.31,5978,5916.08,9
89.9477,bf16,7594,12288,40,19,191.36,64,1980,9251,5904.58,5978,5916.08,9
90.1166,bf16,7594,12288,40,19,194.8,65,1980,9251,5901.57,5978,5916.08,9
90.2883,bf16,7594,12288,40,19,194.8,65,1980,9251,5901.69,5978,5916.08,9
90.4592,bf16,7594,12288,40,19,194.8,65,1980,9251,5901.8,5978,5916.08,9
90.6302,bf16,7594,12288,41,19,192.72,65,1980,9251,5901.97,5978,5916.08,9
90.8033,bf16,7594,12288,41,19,192.72,65,1980,9251,5902.07,5978,5916.08,9
90.9736,bf16,7594,12288,41,19,192.72,65,1980,9251,5902.18,5978,5916.08,9
91.1436,bf16,7594,12288,41,19,193.11,64,1980,9251,5902.34,5978,5916.08,9
91.3155,bf16,7594,12288,41,19,193.11,64,1980,9251,5907.71,5978,5916.08,9
91.4847,bf16,7594,12288,41,19,193.11,64,1980,9251,5906.32,5978,5916.08,9
91.6526,bf16,7594,12288,51,26,197.73,65,1980,9251,5902.76,5978,5916.08,9
91.8372,bf16,7594,12288,51,26,197.73,65,1980,9251,5902.87,5978,5916.08,9
92.0058,bf16,7594,12288,51,26,197.73,65,1980,9251,5902.99,5978,5916.08,9
92.1738,bf16,7594,12288,51,26,196.63,64,1980,9251,5903.1,5978,5916.08,9
92.3447,bf16,7594,12288,51,26,196.63,64,1980,9251,5903.32,5978,5916.08,9
92.5158,bf16,7594,12288,38,19,192.4,64,1980,9251,5907.42,5978,5916.08,9
92.6874,bf16,7594,12288,38,19,192.4,64,1980,9251,5903.58,5978,5916.08,9
92.8575,bf16,7594,12288,38,19,192.4,64,1980,9251,5903.59,5978,5916.08,9
93.0292,bf16,7594,12288,38,19,191.41,64,1980,9251,5903.7,5978,5916.08,9
93.2003,bf16,7680,12288,38,19,191.41,64,1980,9251,5903.87,5978,5916.08,9
93.3710,bf16,7680,12288,38,19,191.41,64,1980,9251,5904.01,5978,5916.08,9
93.5416,bf16,7734,12288,47,22,195.71,65,1980,9251,5904.12,5978,5916.08,9
93.7135,bf16,7753,12288,47,22,195.71,65,1980,9251,5904.25,5978,5916.08,9
93.8816,bf16,7753,12288,47,22,195.71,65,1980,9251,5904.39,5978,5916.08,9
94.0518,bf16,7753,12288,47,22,200.44,65,1980,9251,5904.55,5978,5916.08,9
94.2233,bf16,7753,12288,47,22,200.44,65,1980,9251,5904.69,5978,5916.08,9
94.3938,bf16,7753,12288,47,22,200.44,65,1980,9251,5904.85,5978,5916.08,9
94.5650,bf16,7689,12288,57,28,206.82,65,1980,9251,5905.05,5978,5916.08,9
94.7348,bf16,7689,12288,57,28,206.82,65,1980,9251,5905.14,5978,5916.08,9
94.9045,bf16,7689,12288,57,28,206.82,65,1980,9251,5905.29,5978,5916.08,9
95.0761,bf16,7689,12288,57,28,207.81,65,1980,9251,5905.44,5978,5916.08,9
95.2454,bf16,7689,12288,57,28,207.81,65,1980,9251,5897.92,5978,5916.08,10
95.4162,bf16,7689,12288,57,28,207.81,65,1980,9251,5898.05,5978,5916.08,10
95.5864,bf16,7688,12288,47,23,204.2,65,1980,9251,5898.21,5978,5916.08,10
95.7586,bf16,7688,12288,47,23,204.2,65,1980,9251,5898.3,5978,5916.08,10
95.9306,bf16,7688,12288,47,23,204.2,65,1980,9251,5898.43,5978,5916.08,10
96.1001,bf16,7688,12288,47,23,199.16,65,1980,9251,5898.58,5978,5916.08,10
96.2732,bf16,7688,12288,47,23,199.16,65,1980,9251,5898.71,5978,5916.08,10
96.4452,bf16,7688,12288,47,23,199.16,65,1980,9251,5898.86,5978,5916.08,10
96.6146,bf16,7671,12288,47,23,196.88,65,1980,9251,5899.28,5978,5916.08,10
96.7826,bf16,7671,12288,47,23,196.88,65,1980,9251,5901.11,5978,5916.08,10
96.9533,bf16,7797,12288,47,23,196.88,65,1980,9251,5899.29,5978,5916.08,10
97.1236,bf16,7798,12288,47,23,201.12,65,1980,9251,5902.42,5978,5916.08,10
97.2929,bf16,7798,12288,47,23,201.12,65,1980,9251,5899.56,5978,5916.08,10
97.4616,bf16,7798,12288,47,23,201.12,65,1980,9251,5899.75,5978,5916.08,10
97.6298,bf16,7798,12288,57,25,204.01,65,1980,9251,5899.85,5978,5916.08,10
97.7990,bf16,7798,12288,57,25,204.01,65,1980,9251,5903.41,5978,5916.08,10
97.9844,bf16,7798,12288,57,25,204.01,65,1980,9251,5900.14,5978,5916.08,10
98.1540,bf16,7798,12288,57,25,205.7,65,1980,9251,5900.29,5978,5916.08,10
98.3275,bf16,7798,12288,57,25,205.7,65,1980,9251,5900.47,5978,5916.08,10
98.4970,bf16,7782,12288,57,25,205.7,65,1980,9251,5900.58,5978,5916.08,10
98.6673,bf16,7759,12288,44,21,206.2,65,1980,9251,5900.69,5978,5916.08,10
98.8359,bf16,7755,12288,44,21,206.2,65,1980,9251,5900.89,5978,5916.08,10
99.0057,bf16,7755,12288,44,21,206.2,65,1980,9251,5900.95,5978,5916.08,10
99.1738,bf16,7755,12288,44,21,201.12,65,1980,9251,5901.35,5978,5916.08,10
99.3427,bf16,7755,12288,44,21,201.12,65,1980,9251,5901.24,5978,5916.08,10
99.5104,bf16,7816,12288,41,24,197.81,65,1980,9251,5901.38,5978,5916.08,10
99.6787,bf16,7811,12288,41,24,197.81,65,1980,9251,5901.52,5978,5916.08,10
99.8616,bf16,7811,12288,41,24,197.81,65,1980,9251,5901.65,5978,5916.08,10
100.0306,bf16,7811,12288,41,24,199.74,65,1980,9251,5901.78,5978,5916.08,10
100.1988,bf16,7811,12288,41,24,199.74,65,1980,9251,5901.87,5978,5916.08,10
100.3677,bf16,7811,12288,41,24,199.74,65,1980,9251,5902.11,5978,5916.08,10
100.5375,bf16,7798,12288,48,21,200.7,65,1980,9251,5902.12,5978,5916.08,10
100.7075,bf16,7798,12288,48,21,200.7,65,1980,9251,5907.33,5978,5916.08,10
100.8778,bf16,7798,12288,48,21,200.7,65,1980,9251,5902.37,5978,5916.08,10
101.0472,bf16,7798,12288,48,21,200.92,65,1980,9251,5902.49,5978,5916.08,10
101.2146,bf16,7798,12288,48,21,200.92,65,1980,9251,5902.66,5978,5916.08,10
101.3841,bf16,7798,12288,48,21,200.92,65,1980,9251,5902.8,5978,5916.08,10
101.5530,bf16,7716,12288,56,25,201.95,65,1980,9251,5902.96,5978,5916.08,10
101.7238,bf16,7716,12288,56,25,201.95,65,1980,9251,5903.07,5978,5916.08,10
101.8915,bf16,7716,12288,56,25,201.95,65,1980,9251,5903.2,5978,5916.08,10
102.0609,bf16,7720,12288,56,25,205.2,65,1980,9251,5907.42,5978,5916.08,10
102.2303,bf16,7722,12288,56,25,205.2,65,1980,9251,5903.47,5978,5916.08,10
102.4008,bf16,7722,12288,56,25,205.2,65,1980,9251,5903.58,5978,5916.08,10
102.5719,bf16,7710,12288,46,20,202.26,65,1980,9251,5903.96,5978,5916.08,10
102.7432,bf16,7710,12288,46,20,202.26,65,1980,9251,5903.81,5978,5916.08,10
102.9113,bf16,7710,12288,46,20,202.26,65,1980,9251,5903.96,5978,5916.08,10
103.0817,bf16,7710,12288,46,20,199.34,65,1980,9251,5904.11,5978,5916.08,10
103.2499,bf16,7710,12288,46,20,199.34,65,1980,9251,5904.2,5978,5916.08,10
103.4201,bf16,7708,12288,46,20,199.34,65,1980,9251,5908.9,5978,5916.08,10
103.5910,bf16,7706,12288,49,20,199.73,65,1980,9251,5904.59,5978,5916.08,10
103.7601,bf16,7706,12288,49,20,199.73,65,1980,9251,5904.62,5978,5916.08,10
103.9311,bf16,7706,12288,49,20,199.73,65,1980,9251,5904.7,5978,5916.08,10
104.1000,bf16,7706,12288,49,20,200.43,65,1980,9251,5904.95,5978,5916.08,10
104.2681,bf16,7706,12288,49,20,200.43,65,1980,9251,5904.97,5978,5916.08,10
104.4376,bf16,7704,12288,49,20,200.43,65,1980,9251,5905.1,5978,5916.08,10
104.6073,bf16,7736,12288,50,21,201.8,65,1980,9251,5905.21,5978,5916.08,10
104.7770,bf16,7770,12288,50,21,201.8,65,1980,9251,5905.32,5978,5916.08,10
104.9478,bf16,7770,12288,50,21,201.8,65,1980,9251,5905.47,5978,5916.08,10
105.1167,bf16,7770,12288,50,21,199.38,65,1980,9251,5905.62,5978,5916.08,10
105.2858,bf16,7770,12288,50,21,199.38,65,1980,9251,5905.74,5978,5916.08,10
105.4555,bf16,7764,12288,50,21,199.38,65,1980,9251,5905.86,5978,5916.08,10
105.6260,bf16,7764,12288,45,21,197.47,65,1980,9251,5905.99,5978,5916.08,10
105.7950,bf16,7764,12288,45,21,197.47,65,1980,9251,5906.11,5978,5916.08,10
105.9638,bf16,7763,12288,45,21,197.47,65,1980,9251,5906.24,5978,5916.08,10
106.1329,bf16,7763,12288,45,21,197.19,65,1980,9251,5900.7,5978,5916.08,11
106.3031,bf16,7779,12288,45,21,197.19,65,1980,9251,5898.11,5978,5916.08,11
106.4737,bf16,7775,12288,45,21,197.19,65,1980,9251,5898.24,5978,5916.08,11
106.6424,bf16,7736,12288,49,23,197.31,65,1980,9251,5898.38,5978,5916.08,11
106.8121,bf16,7736,12288,49,23,197.31,65,1980,9251,5900.12,5978,5916.08,11
106.9812,bf16,7736,12288,49,23,197.31,65,1980,9251,5898.64,5978,5916.08,11
107.1518,bf16,7734,12288,49,23,195.74,65,1980,9251,5898.73,5978,5916.08,11
107.3222,bf16,7734,12288,49,23,195.74,65,1980,9251,5898.86,5978,5916.08,11
107.4913,bf16,7675,12288,49,23,195.74,65,1980,9251,5898.99,5978,5916.08,11
107.6598,bf16,7675,12288,46,21,193.21,65,1980,9251,5899.1,5978,5916.08,11
107.8297,bf16,7675,12288,46,21,193.21,65,1980,9251,5899.25,5978,5916.08,11
107.9994,bf16,7674,12288,46,21,193.21,65,1980,9251,5899.39,5978,5916.08,11
108.1683,bf16,7660,12288,46,21,195.56,65,1980,9251,5899.51,5978,5916.08,11
108.3386,bf16,7660,12288,46,21,195.56,65,1980,9251,5899.69,5978,5916.08,11
108.5090,bf16,7654,12288,46,21,197.94,65,1980,9251,5899.8,5978,5916.08,11
108.6794,bf16,7654,12288,53,24,197.94,65,1980,9251,5899.94,5978,5916.08,11
108.8482,bf16,7654,12288,53,24,197.94,65,1980,9251,5902.53,5978,5916.08,11
109.0181,bf16,7800,12288,53,24,200.16,65,1980,9251,5900.23,5978,5916.08,11
109.1875,bf16,7856,12288,53,24,200.16,65,1980,9251,5900.38,5978,5916.08,11
109.3581,bf16,7853,12288,53,24,200.16,65,1980,9251,5900.46,5978,5916.08,11
109.5270,bf16,7850,12288,46,23,197.9,65,1980,9251,5900.61,5978,5916.08,11
109.6950,bf16,7813,12288,46,23,197.9,65,1980,9251,5900.72,5978,5916.08,11
109.8639,bf16,7814,12288,46,23,197.9,65,1980,9251,5900.86,5978,5916.08,11
110.0363,bf16,7813,12288,46,23,195.12,65,1980,9251,5901.05,5978,5916.08,11
110.2076,bf16,7813,12288,46,23,195.12,65,1980,9251,5901.15,5978,5916.08,11
110.3779,bf16,7813,12288,46,23,195.12,65,1980,9251,5901.28,5978,5916.08,11
110.5490,bf16,7769,12288,48,23,197.42,65,1980,9251,5901.43,5978,5916.08,11
110.7190,bf16,7730,12288,48,23,197.42,65,1980,9251,5901.56,5978,5916.08,11
110.8878,bf16,7732,12288,48,23,197.42,65,1980,9251,5901.67,5978,5916.08,11
111.0568,bf16,7730,12288,48,23,197.45,65,1980,9251,5901.79,5978,5916.08,11
111.2263,bf16,7730,12288,48,23,197.45,65,1980,9251,5901.92,5978,5916.08,11
111.3950,bf16,7730,12288,48,23,197.45,65,1980,9251,5902.02,5978,5916.08,11
111.5632,bf16,7697,12288,41,20,193.65,65,1980,9251,5902.17,5978,5916.08,11
111.7327,bf16,7697,12288,41,20,193.65,65,1980,9251,5902.29,5978,5916.08,11
111.9019,bf16,7697,12288,41,20,193.65,65,1980,9251,5902.41,5978,5916.08,11
112.0724,bf16,7697,12288,41,20,191.65,65,1980,9251,5902.51,5978,5916.08,11
112.2423,bf16,7696,12288,41,20,191.65,65,1980,9251,5902.65,5978,5916.08,11
112.4148,bf16,7696,12288,41,20,191.65,65,1980,9251,5908.17,5978,5916.08,11
112.5852,bf16,7624,12288,39,19,191.93,65,1980,9251,5902.9,5978,5916.08,11
112.7565,bf16,7639,12288,39,19,191.93,65,1980,9251,5902.97,5978,5916.08,11
112.9255,bf16,7639,12288,39,19,191.93,65,1980,9251,5903.1,5978,5916.08,11
113.0948,bf16,7639,12288,39,19,191.65,65,1980,9251,5903.24,5978,5916.08,11
113.2660,bf16,7639,12288,39,19,191.65,65,1980,9251,5903.37,5978,5916.08,11
113.4375,bf16,7639,12288,39,19,191.65,65,1980,9251,5907.63,5978,5916.08,11
113.6074,bf16,7639,12288,31,19,191.01,64,1980,9251,5903.64,5978,5916.08,11
113.7922,bf16,7639,12288,31,19,191.01,64,1980,9251,5903.77,5978,5916.08,11
113.9624,bf16,7641,12288,31,19,191.01,64,1980,9251,5909.83,5978,5936.76,
114.1325,bf16,7641,12288,31,19,191.98,66,1980,9251,5905.99,5978,5938.82,12
114.3019,bf16,7830,12288,31,19,191.98,66,1980,9251,5894.09,5978,5938.82,
114.4859,bf16,7818,12288,31,19,191.98,66,1980,9251,5894.09,5978,5938.82,
114.6555,bf16,7817,12288,20,1,193.55,64,1980,9251,4988.56,5978,5938.82,
114.8269,bf16,7806,12288,20,1,193.55,64,1980,9251,4556.52,5978,5938.82,
114.9949,bf16,7804,12288,20,1,193.55,64,1980,9251,4167.5,5978,5938.82,
115.1787,bf16,7804,12288,20,1,170.65,63,1980,9251,3665.45,5978,5938.82,
115.3473,bf16,7804,12288,20,1,170.65,63,1980,9251,3181.41,5978,5938.82,
115.5162,bf16,7804,12288,18,2,143.57,63,1980,9251,2697.37,5978,5938.82,
115.6850,bf16,7804,12288,18,2,143.57,63,1980,9251,2213.33,5978,5938.82,
115.8544,bf16,7759,12288,18,2,143.57,63,1980,9251,1772.29,5978,5938.82,
116.0218,bf16,7694,12288,18,2,143.61,62,1140,5001,1313.24,5978,5938.82,
116.1909,bf16,7694,12288,18,2,143.61,62,1140,5001,829.206,5978,5938.82,
116.3594,bf16,7694,12288,18,2,143.61,62,1140,5001,388.168,5978,5938.82,
116.5780,bf16,7606,12288,22,3,117.43,60,1050,5001,8.12988,5890,5938.82,
117.2213,bf16,7535,12288,22,3,88.57,60,870,5001,8.12988,5890,5938.82,
